"fuse.Filesystem3.chmod()","fuse.compat.Filesystem2.chmod()"
"fuse.Filesystem3.chown()","fuse.compat.Filesystem2.chown()"
"fuse.Filesystem3.flush()","fuse.compat.Filesystem2.flush()"
"fuse.Filesystem3.fsync()","fuse.compat.Filesystem2.fsync()"
"fuse.Filesystem3.getattr()","fuse.compat.Filesystem2.getattr()"
"fuse.Filesystem3.getdir()","fuse.compat.Filesystem2.getdir()"
"fuse.Filesystem3.link()","fuse.compat.Filesystem2.link()"
"fuse.Filesystem3.mkdir()","fuse.compat.Filesystem2.mkdir()"
"fuse.Filesystem3.mknod()","fuse.compat.Filesystem2.mknod()"
"fuse.Filesystem3.open()","fuse.compat.Filesystem2.open()"
"fuse.Filesystem3.read()","fuse.compat.Filesystem2.read()"
"fuse.Filesystem3.readlink()","fuse.compat.Filesystem2.readlink()"
"fuse.Filesystem3.release()","fuse.compat.Filesystem2.release()"
"fuse.Filesystem3.rename()","fuse.compat.Filesystem2.rename()"
"fuse.Filesystem3.rmdir()","fuse.compat.Filesystem2.rmdir()"
"fuse.Filesystem3.statfs()","fuse.compat.Filesystem2.statfs()"
"fuse.Filesystem3.symlink()","fuse.compat.Filesystem2.symlink()"
"fuse.Filesystem3.truncate()","fuse.compat.Filesystem2.truncate()"
"fuse.Filesystem3.unlink()","fuse.compat.Filesystem2.unlink()"
"fuse.Filesystem3.utime()","fuse.compat.Filesystem2.utime()"
"fuse.Filesystem3.write()","fuse.compat.Filesystem2.write()"
"fuse.Filesystem3ToFuseFSAdapter$XattrSizeLister.<init>()","fuse.Filesystem3ToFuseFSAdapter.access$000()"
"fuse.Filesystem3ToFuseFSAdapter$XattrSizeLister.<init>()","java.lang.Object.<init>()"
"fuse.Filesystem3ToFuseFSAdapter$XattrSizeLister.<init>()","java.nio.charset.Charset.newEncoder()"
"fuse.Filesystem3ToFuseFSAdapter$XattrSizeLister.add()","java.lang.String.length()"
"fuse.Filesystem3ToFuseFSAdapter$XattrSizeLister.add()","java.nio.charset.CharsetEncoder.averageBytesPerChar()"
"fuse.Filesystem3ToFuseFSAdapter$XattrValueLister.<init>()","fuse.Filesystem3ToFuseFSAdapter.access$000()"
"fuse.Filesystem3ToFuseFSAdapter$XattrValueLister.<init>()","java.lang.Object.<init>()"
"fuse.Filesystem3ToFuseFSAdapter$XattrValueLister.<init>()","java.nio.charset.Charset.newEncoder()"
"fuse.Filesystem3ToFuseFSAdapter$XattrValueLister.<init>()","java.nio.charset.CharsetEncoder.onMalformedInput()"
"fuse.Filesystem3ToFuseFSAdapter$XattrValueLister.<init>()","java.nio.charset.CharsetEncoder.onUnmappableCharacter()"
"fuse.Filesystem3ToFuseFSAdapter$XattrValueLister.add()","java.nio.ByteBuffer.put()"
"fuse.Filesystem3ToFuseFSAdapter$XattrValueLister.add()","java.nio.CharBuffer.wrap()"
"fuse.Filesystem3ToFuseFSAdapter$XattrValueLister.add()","java.nio.charset.CharsetEncoder.encode()"
"fuse.Filesystem3ToFuseFSAdapter$XattrValueLister.toString()","fuse.Filesystem3ToFuseFSAdapter.access$000()"
"fuse.Filesystem3ToFuseFSAdapter$XattrValueLister.toString()","java.lang.StringBuilder.<init>()"
"fuse.Filesystem3ToFuseFSAdapter$XattrValueLister.toString()","java.lang.StringBuilder.append()"
"fuse.Filesystem3ToFuseFSAdapter$XattrValueLister.toString()","java.lang.StringBuilder.toString()"
"fuse.Filesystem3ToFuseFSAdapter$XattrValueLister.toString()","java.nio.ByteBuffer.get()"
"fuse.Filesystem3ToFuseFSAdapter$XattrValueLister.toString()","java.nio.ByteBuffer.position()"
"fuse.Filesystem3ToFuseFSAdapter$XattrValueLister.toString()","java.nio.ByteBuffer.wrap()"
"fuse.Filesystem3ToFuseFSAdapter$XattrValueLister.toString()","java.nio.charset.Charset.decode()"
"fuse.Filesystem3ToFuseFSAdapter.<init>()","java.lang.Object.<init>()"
"fuse.Filesystem3ToFuseFSAdapter.<init>()","java.lang.System.getProperty()"
"fuse.Filesystem3ToFuseFSAdapter.<init>()","java.nio.charset.Charset.forName()"
"fuse.Filesystem3ToFuseFSAdapter.chmod()","fuse.Filesystem3.chmod()"
"fuse.Filesystem3ToFuseFSAdapter.chmod()","fuse.Filesystem3ToFuseFSAdapter.handleErrno()"
"fuse.Filesystem3ToFuseFSAdapter.chmod()","fuse.Filesystem3ToFuseFSAdapter.handleException()"
"fuse.Filesystem3ToFuseFSAdapter.chmod()","java.lang.Integer.toOctalString()"
"fuse.Filesystem3ToFuseFSAdapter.chmod()","java.lang.StringBuilder.<init>()"
"fuse.Filesystem3ToFuseFSAdapter.chmod()","java.lang.StringBuilder.append()"
"fuse.Filesystem3ToFuseFSAdapter.chmod()","java.lang.StringBuilder.toString()"
"fuse.Filesystem3ToFuseFSAdapter.chmod()","java.nio.CharBuffer.toString()"
"fuse.Filesystem3ToFuseFSAdapter.chmod()","java.nio.charset.Charset.decode()"
"fuse.Filesystem3ToFuseFSAdapter.chmod()","org.apache.commons.logging.Log.debug()"
"fuse.Filesystem3ToFuseFSAdapter.chmod()","org.apache.commons.logging.Log.isDebugEnabled()"
"fuse.Filesystem3ToFuseFSAdapter.chown()","fuse.Filesystem3.chown()"
"fuse.Filesystem3ToFuseFSAdapter.chown()","fuse.Filesystem3ToFuseFSAdapter.handleErrno()"
"fuse.Filesystem3ToFuseFSAdapter.chown()","fuse.Filesystem3ToFuseFSAdapter.handleException()"
"fuse.Filesystem3ToFuseFSAdapter.chown()","java.lang.StringBuilder.<init>()"
"fuse.Filesystem3ToFuseFSAdapter.chown()","java.lang.StringBuilder.append()"
"fuse.Filesystem3ToFuseFSAdapter.chown()","java.lang.StringBuilder.toString()"
"fuse.Filesystem3ToFuseFSAdapter.chown()","java.nio.CharBuffer.toString()"
"fuse.Filesystem3ToFuseFSAdapter.chown()","java.nio.charset.Charset.decode()"
"fuse.Filesystem3ToFuseFSAdapter.chown()","org.apache.commons.logging.Log.debug()"
"fuse.Filesystem3ToFuseFSAdapter.chown()","org.apache.commons.logging.Log.isDebugEnabled()"
"fuse.Filesystem3ToFuseFSAdapter.destroy()","fuse.Filesystem3ToFuseFSAdapter.handleErrno()"
"fuse.Filesystem3ToFuseFSAdapter.destroy()","fuse.Filesystem3ToFuseFSAdapter.handleException()"
"fuse.Filesystem3ToFuseFSAdapter.destroy()","fuse.LifecycleSupport.destroy()"
"fuse.Filesystem3ToFuseFSAdapter.destroy()","org.apache.commons.logging.Log.debug()"
"fuse.Filesystem3ToFuseFSAdapter.destroy()","org.apache.commons.logging.Log.isDebugEnabled()"
"fuse.Filesystem3ToFuseFSAdapter.flush()","fuse.Filesystem3.flush()"
"fuse.Filesystem3ToFuseFSAdapter.flush()","fuse.Filesystem3ToFuseFSAdapter.handleErrno()"
"fuse.Filesystem3ToFuseFSAdapter.flush()","fuse.Filesystem3ToFuseFSAdapter.handleException()"
"fuse.Filesystem3ToFuseFSAdapter.flush()","java.lang.StringBuilder.<init>()"
"fuse.Filesystem3ToFuseFSAdapter.flush()","java.lang.StringBuilder.append()"
"fuse.Filesystem3ToFuseFSAdapter.flush()","java.lang.StringBuilder.toString()"
"fuse.Filesystem3ToFuseFSAdapter.flush()","java.nio.CharBuffer.toString()"
"fuse.Filesystem3ToFuseFSAdapter.flush()","java.nio.charset.Charset.decode()"
"fuse.Filesystem3ToFuseFSAdapter.flush()","org.apache.commons.logging.Log.debug()"
"fuse.Filesystem3ToFuseFSAdapter.flush()","org.apache.commons.logging.Log.isDebugEnabled()"
"fuse.Filesystem3ToFuseFSAdapter.fsync()","fuse.Filesystem3.fsync()"
"fuse.Filesystem3ToFuseFSAdapter.fsync()","fuse.Filesystem3ToFuseFSAdapter.handleErrno()"
"fuse.Filesystem3ToFuseFSAdapter.fsync()","fuse.Filesystem3ToFuseFSAdapter.handleException()"
"fuse.Filesystem3ToFuseFSAdapter.fsync()","java.lang.StringBuilder.<init>()"
"fuse.Filesystem3ToFuseFSAdapter.fsync()","java.lang.StringBuilder.append()"
"fuse.Filesystem3ToFuseFSAdapter.fsync()","java.lang.StringBuilder.toString()"
"fuse.Filesystem3ToFuseFSAdapter.fsync()","java.nio.CharBuffer.toString()"
"fuse.Filesystem3ToFuseFSAdapter.fsync()","java.nio.charset.Charset.decode()"
"fuse.Filesystem3ToFuseFSAdapter.fsync()","org.apache.commons.logging.Log.debug()"
"fuse.Filesystem3ToFuseFSAdapter.fsync()","org.apache.commons.logging.Log.isDebugEnabled()"
"fuse.Filesystem3ToFuseFSAdapter.getattr()","fuse.Filesystem3.getattr()"
"fuse.Filesystem3ToFuseFSAdapter.getattr()","fuse.Filesystem3ToFuseFSAdapter.handleErrno()"
"fuse.Filesystem3ToFuseFSAdapter.getattr()","fuse.Filesystem3ToFuseFSAdapter.handleException()"
"fuse.Filesystem3ToFuseFSAdapter.getattr()","java.lang.StringBuilder.<init>()"
"fuse.Filesystem3ToFuseFSAdapter.getattr()","java.lang.StringBuilder.append()"
"fuse.Filesystem3ToFuseFSAdapter.getattr()","java.lang.StringBuilder.toString()"
"fuse.Filesystem3ToFuseFSAdapter.getattr()","java.nio.CharBuffer.toString()"
"fuse.Filesystem3ToFuseFSAdapter.getattr()","java.nio.charset.Charset.decode()"
"fuse.Filesystem3ToFuseFSAdapter.getattr()","org.apache.commons.logging.Log.debug()"
"fuse.Filesystem3ToFuseFSAdapter.getattr()","org.apache.commons.logging.Log.isDebugEnabled()"
"fuse.Filesystem3ToFuseFSAdapter.getdir()","fuse.Filesystem3.getdir()"
"fuse.Filesystem3ToFuseFSAdapter.getdir()","fuse.Filesystem3ToFuseFSAdapter.handleErrno()"
"fuse.Filesystem3ToFuseFSAdapter.getdir()","fuse.Filesystem3ToFuseFSAdapter.handleException()"
"fuse.Filesystem3ToFuseFSAdapter.getdir()","fuse.FuseFSDirFiller.setCharset()"
"fuse.Filesystem3ToFuseFSAdapter.getdir()","java.lang.StringBuilder.<init>()"
"fuse.Filesystem3ToFuseFSAdapter.getdir()","java.lang.StringBuilder.append()"
"fuse.Filesystem3ToFuseFSAdapter.getdir()","java.lang.StringBuilder.toString()"
"fuse.Filesystem3ToFuseFSAdapter.getdir()","java.nio.CharBuffer.toString()"
"fuse.Filesystem3ToFuseFSAdapter.getdir()","java.nio.charset.Charset.decode()"
"fuse.Filesystem3ToFuseFSAdapter.getdir()","org.apache.commons.logging.Log.debug()"
"fuse.Filesystem3ToFuseFSAdapter.getdir()","org.apache.commons.logging.Log.isDebugEnabled()"
"fuse.Filesystem3ToFuseFSAdapter.getxattr()","fuse.Filesystem3ToFuseFSAdapter.handleErrno()"
"fuse.Filesystem3ToFuseFSAdapter.getxattr()","fuse.Filesystem3ToFuseFSAdapter.handleException()"
"fuse.Filesystem3ToFuseFSAdapter.getxattr()","fuse.XattrSupport.getxattr()"
"fuse.Filesystem3ToFuseFSAdapter.getxattr()","java.lang.StringBuilder.<init>()"
"fuse.Filesystem3ToFuseFSAdapter.getxattr()","java.lang.StringBuilder.append()"
"fuse.Filesystem3ToFuseFSAdapter.getxattr()","java.lang.StringBuilder.toString()"
"fuse.Filesystem3ToFuseFSAdapter.getxattr()","java.nio.CharBuffer.toString()"
"fuse.Filesystem3ToFuseFSAdapter.getxattr()","java.nio.charset.Charset.decode()"
"fuse.Filesystem3ToFuseFSAdapter.getxattr()","org.apache.commons.logging.Log.debug()"
"fuse.Filesystem3ToFuseFSAdapter.getxattr()","org.apache.commons.logging.Log.isDebugEnabled()"
"fuse.Filesystem3ToFuseFSAdapter.getxattrsize()","fuse.Filesystem3ToFuseFSAdapter.handleErrno()"
"fuse.Filesystem3ToFuseFSAdapter.getxattrsize()","fuse.Filesystem3ToFuseFSAdapter.handleException()"
"fuse.Filesystem3ToFuseFSAdapter.getxattrsize()","fuse.XattrSupport.getxattrsize()"
"fuse.Filesystem3ToFuseFSAdapter.getxattrsize()","java.lang.StringBuilder.<init>()"
"fuse.Filesystem3ToFuseFSAdapter.getxattrsize()","java.lang.StringBuilder.append()"
"fuse.Filesystem3ToFuseFSAdapter.getxattrsize()","java.lang.StringBuilder.toString()"
"fuse.Filesystem3ToFuseFSAdapter.getxattrsize()","java.nio.CharBuffer.toString()"
"fuse.Filesystem3ToFuseFSAdapter.getxattrsize()","java.nio.charset.Charset.decode()"
"fuse.Filesystem3ToFuseFSAdapter.getxattrsize()","org.apache.commons.logging.Log.debug()"
"fuse.Filesystem3ToFuseFSAdapter.getxattrsize()","org.apache.commons.logging.Log.isDebugEnabled()"
"fuse.Filesystem3ToFuseFSAdapter.handleErrno()","java.lang.StringBuilder.<init>()"
"fuse.Filesystem3ToFuseFSAdapter.handleErrno()","java.lang.StringBuilder.append()"
"fuse.Filesystem3ToFuseFSAdapter.handleErrno()","java.lang.StringBuilder.toString()"
"fuse.Filesystem3ToFuseFSAdapter.handleErrno()","org.apache.commons.logging.Log.debug()"
"fuse.Filesystem3ToFuseFSAdapter.handleErrno()","org.apache.commons.logging.Log.isDebugEnabled()"
"fuse.Filesystem3ToFuseFSAdapter.handleException()","fuse.Filesystem3ToFuseFSAdapter.handleErrno()"
"fuse.Filesystem3ToFuseFSAdapter.handleException()","fuse.FuseException.getErrno()"
"fuse.Filesystem3ToFuseFSAdapter.handleException()","org.apache.commons.logging.Log.debug()"
"fuse.Filesystem3ToFuseFSAdapter.handleException()","org.apache.commons.logging.Log.error()"
"fuse.Filesystem3ToFuseFSAdapter.handleException()","org.apache.commons.logging.Log.isDebugEnabled()"
"fuse.Filesystem3ToFuseFSAdapter.init()","fuse.Filesystem3ToFuseFSAdapter.handleErrno()"
"fuse.Filesystem3ToFuseFSAdapter.init()","fuse.Filesystem3ToFuseFSAdapter.handleException()"
"fuse.Filesystem3ToFuseFSAdapter.init()","fuse.LifecycleSupport.init()"
"fuse.Filesystem3ToFuseFSAdapter.init()","org.apache.commons.logging.Log.debug()"
"fuse.Filesystem3ToFuseFSAdapter.init()","org.apache.commons.logging.Log.isDebugEnabled()"
"fuse.Filesystem3ToFuseFSAdapter.link()","fuse.Filesystem3.link()"
"fuse.Filesystem3ToFuseFSAdapter.link()","fuse.Filesystem3ToFuseFSAdapter.handleErrno()"
"fuse.Filesystem3ToFuseFSAdapter.link()","fuse.Filesystem3ToFuseFSAdapter.handleException()"
"fuse.Filesystem3ToFuseFSAdapter.link()","java.lang.StringBuilder.<init>()"
"fuse.Filesystem3ToFuseFSAdapter.link()","java.lang.StringBuilder.append()"
"fuse.Filesystem3ToFuseFSAdapter.link()","java.lang.StringBuilder.toString()"
"fuse.Filesystem3ToFuseFSAdapter.link()","java.nio.CharBuffer.toString()"
"fuse.Filesystem3ToFuseFSAdapter.link()","java.nio.charset.Charset.decode()"
"fuse.Filesystem3ToFuseFSAdapter.link()","org.apache.commons.logging.Log.debug()"
"fuse.Filesystem3ToFuseFSAdapter.link()","org.apache.commons.logging.Log.isDebugEnabled()"
"fuse.Filesystem3ToFuseFSAdapter.listxattr()","fuse.Filesystem3ToFuseFSAdapter$XattrValueLister.<init>()"
"fuse.Filesystem3ToFuseFSAdapter.listxattr()","fuse.Filesystem3ToFuseFSAdapter.handleErrno()"
"fuse.Filesystem3ToFuseFSAdapter.listxattr()","fuse.Filesystem3ToFuseFSAdapter.handleException()"
"fuse.Filesystem3ToFuseFSAdapter.listxattr()","fuse.XattrSupport.listxattr()"
"fuse.Filesystem3ToFuseFSAdapter.listxattr()","java.lang.StringBuilder.<init>()"
"fuse.Filesystem3ToFuseFSAdapter.listxattr()","java.lang.StringBuilder.append()"
"fuse.Filesystem3ToFuseFSAdapter.listxattr()","java.lang.StringBuilder.toString()"
"fuse.Filesystem3ToFuseFSAdapter.listxattr()","java.nio.CharBuffer.toString()"
"fuse.Filesystem3ToFuseFSAdapter.listxattr()","java.nio.charset.Charset.decode()"
"fuse.Filesystem3ToFuseFSAdapter.listxattr()","org.apache.commons.logging.Log.debug()"
"fuse.Filesystem3ToFuseFSAdapter.listxattr()","org.apache.commons.logging.Log.isDebugEnabled()"
"fuse.Filesystem3ToFuseFSAdapter.listxattrsize()","fuse.Filesystem3ToFuseFSAdapter$XattrSizeLister.<init>()"
"fuse.Filesystem3ToFuseFSAdapter.listxattrsize()","fuse.Filesystem3ToFuseFSAdapter.handleErrno()"
"fuse.Filesystem3ToFuseFSAdapter.listxattrsize()","fuse.Filesystem3ToFuseFSAdapter.handleException()"
"fuse.Filesystem3ToFuseFSAdapter.listxattrsize()","fuse.FuseSizeSetter.setSize()"
"fuse.Filesystem3ToFuseFSAdapter.listxattrsize()","fuse.XattrSupport.listxattr()"
"fuse.Filesystem3ToFuseFSAdapter.listxattrsize()","java.lang.StringBuilder.<init>()"
"fuse.Filesystem3ToFuseFSAdapter.listxattrsize()","java.lang.StringBuilder.append()"
"fuse.Filesystem3ToFuseFSAdapter.listxattrsize()","java.lang.StringBuilder.toString()"
"fuse.Filesystem3ToFuseFSAdapter.listxattrsize()","java.nio.CharBuffer.toString()"
"fuse.Filesystem3ToFuseFSAdapter.listxattrsize()","java.nio.charset.Charset.decode()"
"fuse.Filesystem3ToFuseFSAdapter.listxattrsize()","org.apache.commons.logging.Log.debug()"
"fuse.Filesystem3ToFuseFSAdapter.listxattrsize()","org.apache.commons.logging.Log.isDebugEnabled()"
"fuse.Filesystem3ToFuseFSAdapter.mkdir()","fuse.Filesystem3.mkdir()"
"fuse.Filesystem3ToFuseFSAdapter.mkdir()","fuse.Filesystem3ToFuseFSAdapter.handleErrno()"
"fuse.Filesystem3ToFuseFSAdapter.mkdir()","fuse.Filesystem3ToFuseFSAdapter.handleException()"
"fuse.Filesystem3ToFuseFSAdapter.mkdir()","java.lang.Integer.toOctalString()"
"fuse.Filesystem3ToFuseFSAdapter.mkdir()","java.lang.StringBuilder.<init>()"
"fuse.Filesystem3ToFuseFSAdapter.mkdir()","java.lang.StringBuilder.append()"
"fuse.Filesystem3ToFuseFSAdapter.mkdir()","java.lang.StringBuilder.toString()"
"fuse.Filesystem3ToFuseFSAdapter.mkdir()","java.nio.CharBuffer.toString()"
"fuse.Filesystem3ToFuseFSAdapter.mkdir()","java.nio.charset.Charset.decode()"
"fuse.Filesystem3ToFuseFSAdapter.mkdir()","org.apache.commons.logging.Log.debug()"
"fuse.Filesystem3ToFuseFSAdapter.mkdir()","org.apache.commons.logging.Log.isDebugEnabled()"
"fuse.Filesystem3ToFuseFSAdapter.mknod()","fuse.Filesystem3.mknod()"
"fuse.Filesystem3ToFuseFSAdapter.mknod()","fuse.Filesystem3ToFuseFSAdapter.handleErrno()"
"fuse.Filesystem3ToFuseFSAdapter.mknod()","fuse.Filesystem3ToFuseFSAdapter.handleException()"
"fuse.Filesystem3ToFuseFSAdapter.mknod()","java.lang.Integer.toOctalString()"
"fuse.Filesystem3ToFuseFSAdapter.mknod()","java.lang.StringBuilder.<init>()"
"fuse.Filesystem3ToFuseFSAdapter.mknod()","java.lang.StringBuilder.append()"
"fuse.Filesystem3ToFuseFSAdapter.mknod()","java.lang.StringBuilder.toString()"
"fuse.Filesystem3ToFuseFSAdapter.mknod()","java.nio.CharBuffer.toString()"
"fuse.Filesystem3ToFuseFSAdapter.mknod()","java.nio.charset.Charset.decode()"
"fuse.Filesystem3ToFuseFSAdapter.mknod()","org.apache.commons.logging.Log.debug()"
"fuse.Filesystem3ToFuseFSAdapter.mknod()","org.apache.commons.logging.Log.isDebugEnabled()"
"fuse.Filesystem3ToFuseFSAdapter.open()","fuse.Filesystem3.open()"
"fuse.Filesystem3ToFuseFSAdapter.open()","fuse.Filesystem3ToFuseFSAdapter.handleErrno()"
"fuse.Filesystem3ToFuseFSAdapter.open()","fuse.Filesystem3ToFuseFSAdapter.handleException()"
"fuse.Filesystem3ToFuseFSAdapter.open()","java.lang.StringBuilder.<init>()"
"fuse.Filesystem3ToFuseFSAdapter.open()","java.lang.StringBuilder.append()"
"fuse.Filesystem3ToFuseFSAdapter.open()","java.lang.StringBuilder.toString()"
"fuse.Filesystem3ToFuseFSAdapter.open()","java.nio.CharBuffer.toString()"
"fuse.Filesystem3ToFuseFSAdapter.open()","java.nio.charset.Charset.decode()"
"fuse.Filesystem3ToFuseFSAdapter.open()","org.apache.commons.logging.Log.debug()"
"fuse.Filesystem3ToFuseFSAdapter.open()","org.apache.commons.logging.Log.isDebugEnabled()"
"fuse.Filesystem3ToFuseFSAdapter.read()","fuse.Filesystem3.read()"
"fuse.Filesystem3ToFuseFSAdapter.read()","fuse.Filesystem3ToFuseFSAdapter.handleErrno()"
"fuse.Filesystem3ToFuseFSAdapter.read()","fuse.Filesystem3ToFuseFSAdapter.handleException()"
"fuse.Filesystem3ToFuseFSAdapter.read()","java.lang.StringBuilder.<init>()"
"fuse.Filesystem3ToFuseFSAdapter.read()","java.lang.StringBuilder.append()"
"fuse.Filesystem3ToFuseFSAdapter.read()","java.lang.StringBuilder.toString()"
"fuse.Filesystem3ToFuseFSAdapter.read()","java.nio.CharBuffer.toString()"
"fuse.Filesystem3ToFuseFSAdapter.read()","java.nio.charset.Charset.decode()"
"fuse.Filesystem3ToFuseFSAdapter.read()","org.apache.commons.logging.Log.debug()"
"fuse.Filesystem3ToFuseFSAdapter.read()","org.apache.commons.logging.Log.isDebugEnabled()"
"fuse.Filesystem3ToFuseFSAdapter.readlink()","fuse.Filesystem3.readlink()"
"fuse.Filesystem3ToFuseFSAdapter.readlink()","fuse.Filesystem3ToFuseFSAdapter.handleErrno()"
"fuse.Filesystem3ToFuseFSAdapter.readlink()","fuse.Filesystem3ToFuseFSAdapter.handleException()"
"fuse.Filesystem3ToFuseFSAdapter.readlink()","fuse.FuseException.<init>()"
"fuse.Filesystem3ToFuseFSAdapter.readlink()","fuse.FuseException.initErrno()"
"fuse.Filesystem3ToFuseFSAdapter.readlink()","java.lang.StringBuilder.<init>()"
"fuse.Filesystem3ToFuseFSAdapter.readlink()","java.lang.StringBuilder.append()"
"fuse.Filesystem3ToFuseFSAdapter.readlink()","java.lang.StringBuilder.toString()"
"fuse.Filesystem3ToFuseFSAdapter.readlink()","java.nio.ByteBuffer.capacity()"
"fuse.Filesystem3ToFuseFSAdapter.readlink()","java.nio.CharBuffer.allocate()"
"fuse.Filesystem3ToFuseFSAdapter.readlink()","java.nio.CharBuffer.flip()"
"fuse.Filesystem3ToFuseFSAdapter.readlink()","java.nio.CharBuffer.rewind()"
"fuse.Filesystem3ToFuseFSAdapter.readlink()","java.nio.CharBuffer.toString()"
"fuse.Filesystem3ToFuseFSAdapter.readlink()","java.nio.charset.Charset.decode()"
"fuse.Filesystem3ToFuseFSAdapter.readlink()","java.nio.charset.Charset.newEncoder()"
"fuse.Filesystem3ToFuseFSAdapter.readlink()","java.nio.charset.CharsetEncoder.encode()"
"fuse.Filesystem3ToFuseFSAdapter.readlink()","java.nio.charset.CharsetEncoder.onMalformedInput()"
"fuse.Filesystem3ToFuseFSAdapter.readlink()","java.nio.charset.CharsetEncoder.onUnmappableCharacter()"
"fuse.Filesystem3ToFuseFSAdapter.readlink()","java.nio.charset.CoderResult.isOverflow()"
"fuse.Filesystem3ToFuseFSAdapter.readlink()","org.apache.commons.logging.Log.debug()"
"fuse.Filesystem3ToFuseFSAdapter.readlink()","org.apache.commons.logging.Log.isDebugEnabled()"
"fuse.Filesystem3ToFuseFSAdapter.release()","fuse.Filesystem3.release()"
"fuse.Filesystem3ToFuseFSAdapter.release()","fuse.Filesystem3ToFuseFSAdapter.handleErrno()"
"fuse.Filesystem3ToFuseFSAdapter.release()","fuse.Filesystem3ToFuseFSAdapter.handleException()"
"fuse.Filesystem3ToFuseFSAdapter.release()","java.lang.StringBuilder.<init>()"
"fuse.Filesystem3ToFuseFSAdapter.release()","java.lang.StringBuilder.append()"
"fuse.Filesystem3ToFuseFSAdapter.release()","java.lang.StringBuilder.toString()"
"fuse.Filesystem3ToFuseFSAdapter.release()","java.nio.CharBuffer.toString()"
"fuse.Filesystem3ToFuseFSAdapter.release()","java.nio.charset.Charset.decode()"
"fuse.Filesystem3ToFuseFSAdapter.release()","org.apache.commons.logging.Log.debug()"
"fuse.Filesystem3ToFuseFSAdapter.release()","org.apache.commons.logging.Log.isDebugEnabled()"
"fuse.Filesystem3ToFuseFSAdapter.removexattr()","fuse.Filesystem3ToFuseFSAdapter.handleErrno()"
"fuse.Filesystem3ToFuseFSAdapter.removexattr()","fuse.Filesystem3ToFuseFSAdapter.handleException()"
"fuse.Filesystem3ToFuseFSAdapter.removexattr()","fuse.XattrSupport.removexattr()"
"fuse.Filesystem3ToFuseFSAdapter.removexattr()","java.lang.StringBuilder.<init>()"
"fuse.Filesystem3ToFuseFSAdapter.removexattr()","java.lang.StringBuilder.append()"
"fuse.Filesystem3ToFuseFSAdapter.removexattr()","java.lang.StringBuilder.toString()"
"fuse.Filesystem3ToFuseFSAdapter.removexattr()","java.nio.CharBuffer.toString()"
"fuse.Filesystem3ToFuseFSAdapter.removexattr()","java.nio.charset.Charset.decode()"
"fuse.Filesystem3ToFuseFSAdapter.removexattr()","org.apache.commons.logging.Log.debug()"
"fuse.Filesystem3ToFuseFSAdapter.removexattr()","org.apache.commons.logging.Log.isDebugEnabled()"
"fuse.Filesystem3ToFuseFSAdapter.rename()","fuse.Filesystem3.rename()"
"fuse.Filesystem3ToFuseFSAdapter.rename()","fuse.Filesystem3ToFuseFSAdapter.handleErrno()"
"fuse.Filesystem3ToFuseFSAdapter.rename()","fuse.Filesystem3ToFuseFSAdapter.handleException()"
"fuse.Filesystem3ToFuseFSAdapter.rename()","java.lang.StringBuilder.<init>()"
"fuse.Filesystem3ToFuseFSAdapter.rename()","java.lang.StringBuilder.append()"
"fuse.Filesystem3ToFuseFSAdapter.rename()","java.lang.StringBuilder.toString()"
"fuse.Filesystem3ToFuseFSAdapter.rename()","java.nio.CharBuffer.toString()"
"fuse.Filesystem3ToFuseFSAdapter.rename()","java.nio.charset.Charset.decode()"
"fuse.Filesystem3ToFuseFSAdapter.rename()","org.apache.commons.logging.Log.debug()"
"fuse.Filesystem3ToFuseFSAdapter.rename()","org.apache.commons.logging.Log.isDebugEnabled()"
"fuse.Filesystem3ToFuseFSAdapter.rmdir()","fuse.Filesystem3.rmdir()"
"fuse.Filesystem3ToFuseFSAdapter.rmdir()","fuse.Filesystem3ToFuseFSAdapter.handleErrno()"
"fuse.Filesystem3ToFuseFSAdapter.rmdir()","fuse.Filesystem3ToFuseFSAdapter.handleException()"
"fuse.Filesystem3ToFuseFSAdapter.rmdir()","java.lang.StringBuilder.<init>()"
"fuse.Filesystem3ToFuseFSAdapter.rmdir()","java.lang.StringBuilder.append()"
"fuse.Filesystem3ToFuseFSAdapter.rmdir()","java.lang.StringBuilder.toString()"
"fuse.Filesystem3ToFuseFSAdapter.rmdir()","java.nio.CharBuffer.toString()"
"fuse.Filesystem3ToFuseFSAdapter.rmdir()","java.nio.charset.Charset.decode()"
"fuse.Filesystem3ToFuseFSAdapter.rmdir()","org.apache.commons.logging.Log.debug()"
"fuse.Filesystem3ToFuseFSAdapter.rmdir()","org.apache.commons.logging.Log.isDebugEnabled()"
"fuse.Filesystem3ToFuseFSAdapter.setxattr()","fuse.Filesystem3ToFuseFSAdapter.handleErrno()"
"fuse.Filesystem3ToFuseFSAdapter.setxattr()","fuse.Filesystem3ToFuseFSAdapter.handleException()"
"fuse.Filesystem3ToFuseFSAdapter.setxattr()","fuse.XattrSupport.setxattr()"
"fuse.Filesystem3ToFuseFSAdapter.setxattr()","java.lang.StringBuilder.<init>()"
"fuse.Filesystem3ToFuseFSAdapter.setxattr()","java.lang.StringBuilder.append()"
"fuse.Filesystem3ToFuseFSAdapter.setxattr()","java.lang.StringBuilder.toString()"
"fuse.Filesystem3ToFuseFSAdapter.setxattr()","java.nio.CharBuffer.toString()"
"fuse.Filesystem3ToFuseFSAdapter.setxattr()","java.nio.charset.Charset.decode()"
"fuse.Filesystem3ToFuseFSAdapter.setxattr()","org.apache.commons.logging.Log.debug()"
"fuse.Filesystem3ToFuseFSAdapter.setxattr()","org.apache.commons.logging.Log.isDebugEnabled()"
"fuse.Filesystem3ToFuseFSAdapter.statfs()","fuse.Filesystem3.statfs()"
"fuse.Filesystem3ToFuseFSAdapter.statfs()","fuse.Filesystem3ToFuseFSAdapter.handleErrno()"
"fuse.Filesystem3ToFuseFSAdapter.statfs()","fuse.Filesystem3ToFuseFSAdapter.handleException()"
"fuse.Filesystem3ToFuseFSAdapter.statfs()","org.apache.commons.logging.Log.debug()"
"fuse.Filesystem3ToFuseFSAdapter.statfs()","org.apache.commons.logging.Log.isDebugEnabled()"
"fuse.Filesystem3ToFuseFSAdapter.symlink()","fuse.Filesystem3.symlink()"
"fuse.Filesystem3ToFuseFSAdapter.symlink()","fuse.Filesystem3ToFuseFSAdapter.handleErrno()"
"fuse.Filesystem3ToFuseFSAdapter.symlink()","fuse.Filesystem3ToFuseFSAdapter.handleException()"
"fuse.Filesystem3ToFuseFSAdapter.symlink()","java.lang.StringBuilder.<init>()"
"fuse.Filesystem3ToFuseFSAdapter.symlink()","java.lang.StringBuilder.append()"
"fuse.Filesystem3ToFuseFSAdapter.symlink()","java.lang.StringBuilder.toString()"
"fuse.Filesystem3ToFuseFSAdapter.symlink()","java.nio.CharBuffer.toString()"
"fuse.Filesystem3ToFuseFSAdapter.symlink()","java.nio.charset.Charset.decode()"
"fuse.Filesystem3ToFuseFSAdapter.symlink()","org.apache.commons.logging.Log.debug()"
"fuse.Filesystem3ToFuseFSAdapter.symlink()","org.apache.commons.logging.Log.isDebugEnabled()"
"fuse.Filesystem3ToFuseFSAdapter.truncate()","fuse.Filesystem3.truncate()"
"fuse.Filesystem3ToFuseFSAdapter.truncate()","fuse.Filesystem3ToFuseFSAdapter.handleErrno()"
"fuse.Filesystem3ToFuseFSAdapter.truncate()","fuse.Filesystem3ToFuseFSAdapter.handleException()"
"fuse.Filesystem3ToFuseFSAdapter.truncate()","java.lang.StringBuilder.<init>()"
"fuse.Filesystem3ToFuseFSAdapter.truncate()","java.lang.StringBuilder.append()"
"fuse.Filesystem3ToFuseFSAdapter.truncate()","java.lang.StringBuilder.toString()"
"fuse.Filesystem3ToFuseFSAdapter.truncate()","java.nio.CharBuffer.toString()"
"fuse.Filesystem3ToFuseFSAdapter.truncate()","java.nio.charset.Charset.decode()"
"fuse.Filesystem3ToFuseFSAdapter.truncate()","org.apache.commons.logging.Log.debug()"
"fuse.Filesystem3ToFuseFSAdapter.truncate()","org.apache.commons.logging.Log.isDebugEnabled()"
"fuse.Filesystem3ToFuseFSAdapter.unlink()","fuse.Filesystem3.unlink()"
"fuse.Filesystem3ToFuseFSAdapter.unlink()","fuse.Filesystem3ToFuseFSAdapter.handleErrno()"
"fuse.Filesystem3ToFuseFSAdapter.unlink()","fuse.Filesystem3ToFuseFSAdapter.handleException()"
"fuse.Filesystem3ToFuseFSAdapter.unlink()","java.lang.StringBuilder.<init>()"
"fuse.Filesystem3ToFuseFSAdapter.unlink()","java.lang.StringBuilder.append()"
"fuse.Filesystem3ToFuseFSAdapter.unlink()","java.lang.StringBuilder.toString()"
"fuse.Filesystem3ToFuseFSAdapter.unlink()","java.nio.CharBuffer.toString()"
"fuse.Filesystem3ToFuseFSAdapter.unlink()","java.nio.charset.Charset.decode()"
"fuse.Filesystem3ToFuseFSAdapter.unlink()","org.apache.commons.logging.Log.debug()"
"fuse.Filesystem3ToFuseFSAdapter.unlink()","org.apache.commons.logging.Log.isDebugEnabled()"
"fuse.Filesystem3ToFuseFSAdapter.utime()","fuse.Filesystem3.utime()"
"fuse.Filesystem3ToFuseFSAdapter.utime()","fuse.Filesystem3ToFuseFSAdapter.handleErrno()"
"fuse.Filesystem3ToFuseFSAdapter.utime()","fuse.Filesystem3ToFuseFSAdapter.handleException()"
"fuse.Filesystem3ToFuseFSAdapter.utime()","java.lang.StringBuilder.<init>()"
"fuse.Filesystem3ToFuseFSAdapter.utime()","java.lang.StringBuilder.append()"
"fuse.Filesystem3ToFuseFSAdapter.utime()","java.lang.StringBuilder.toString()"
"fuse.Filesystem3ToFuseFSAdapter.utime()","java.nio.CharBuffer.toString()"
"fuse.Filesystem3ToFuseFSAdapter.utime()","java.nio.charset.Charset.decode()"
"fuse.Filesystem3ToFuseFSAdapter.utime()","java.util.Date.<init>()"
"fuse.Filesystem3ToFuseFSAdapter.utime()","org.apache.commons.logging.Log.debug()"
"fuse.Filesystem3ToFuseFSAdapter.utime()","org.apache.commons.logging.Log.isDebugEnabled()"
"fuse.Filesystem3ToFuseFSAdapter.write()","fuse.Filesystem3.write()"
"fuse.Filesystem3ToFuseFSAdapter.write()","fuse.Filesystem3ToFuseFSAdapter.handleErrno()"
"fuse.Filesystem3ToFuseFSAdapter.write()","fuse.Filesystem3ToFuseFSAdapter.handleException()"
"fuse.Filesystem3ToFuseFSAdapter.write()","java.lang.StringBuilder.<init>()"
"fuse.Filesystem3ToFuseFSAdapter.write()","java.lang.StringBuilder.append()"
"fuse.Filesystem3ToFuseFSAdapter.write()","java.lang.StringBuilder.toString()"
"fuse.Filesystem3ToFuseFSAdapter.write()","java.nio.CharBuffer.toString()"
"fuse.Filesystem3ToFuseFSAdapter.write()","java.nio.charset.Charset.decode()"
"fuse.Filesystem3ToFuseFSAdapter.write()","org.apache.commons.logging.Log.debug()"
"fuse.Filesystem3ToFuseFSAdapter.write()","org.apache.commons.logging.Log.isDebugEnabled()"
"fuse.FuseContext.<init>()","fuse.util.Struct.<init>()"
"fuse.FuseContext.appendAttributes()","fuse.util.Struct.appendAttributes()"
"fuse.FuseContext.appendAttributes()","java.lang.StringBuilder.append()"
"fuse.FuseContext.get()","fuse.FuseContext.<init>()"
"fuse.FuseContext.get()","fuse.FuseContext.fillInFuseContext()"
"fuse.FuseDirFiller","fuse.FuseFSDirFiller"
"fuse.FuseDirFiller.add()","fuse.FuseFSDirFiller.add()"
"fuse.FuseException.<init>()","java.lang.Exception.<init>()"
"fuse.FuseFSDirEnt.<init>()","fuse.FuseFtype.<init>()"
"fuse.FuseFSDirEnt.appendAttributes()","fuse.FuseFtype.appendAttributes()"
"fuse.FuseFSDirEnt.appendAttributes()","java.lang.StringBuilder.append()"
"fuse.FuseFSDirFiller.<init>()","java.util.ArrayList.<init>()"
"fuse.FuseFSDirFiller.add()","fuse.FuseFSDirEnt.<init>()"
"fuse.FuseFSDirFiller.add()","java.nio.ByteBuffer.get()"
"fuse.FuseFSDirFiller.add()","java.nio.ByteBuffer.remaining()"
"fuse.FuseFSDirFiller.add()","java.nio.CharBuffer.wrap()"
"fuse.FuseFSDirFiller.add()","java.nio.charset.Charset.encode()"
"fuse.FuseFSDirFiller.toString()","fuse.FuseFSDirFiller.iterator()"
"fuse.FuseFSDirFiller.toString()","java.lang.StringBuilder.<init>()"
"fuse.FuseFSDirFiller.toString()","java.lang.StringBuilder.append()"
"fuse.FuseFSDirFiller.toString()","java.lang.StringBuilder.toString()"
"fuse.FuseFSDirFiller.toString()","java.nio.ByteBuffer.wrap()"
"fuse.FuseFSDirFiller.toString()","java.nio.charset.Charset.decode()"
"fuse.FuseFSDirFiller.toString()","java.util.Iterator.hasNext()"
"fuse.FuseFSDirFiller.toString()","java.util.Iterator.next()"
"fuse.FuseFSFactory.<init>()","java.lang.Object.<init>()"
"fuse.FuseFSFactory.adapt()","fuse.Filesystem3ToFuseFSAdapter.<init>()"
"fuse.FuseFSFactory.adapt()","fuse.compat.Filesystem1ToFilesystem2Adapter.<init>()"
"fuse.FuseFSFactory.adapt()","fuse.compat.Filesystem2ToFilesystem3Adapter.<init>()"
"fuse.FuseFSFactory.adapt()","java.lang.Object.getClass()"
"fuse.FuseFSFactory.adapt()","org.apache.commons.logging.LogFactory.getLog()"
"fuse.FuseFSFillDir.<init>()","fuse.util.Struct.<init>()"
"fuse.FuseFSFillDir.appendAttributes()","fuse.util.Struct.appendAttributes()"
"fuse.FuseFSFillDir.appendAttributes()","java.lang.StringBuilder.append()"
"fuse.FuseFSFillDir.fill()","java.nio.ByteBuffer.allocateDirect()"
"fuse.FuseFSFillDir.fill()","java.nio.ByteBuffer.flip()"
"fuse.FuseFSFillDir.fill()","java.nio.ByteBuffer.put()"
"fuse.FuseFSFillDir.fill()","java.nio.ByteBuffer.remaining()"
"fuse.FuseFSFillDir.fill()","java.nio.charset.Charset.encode()"
"fuse.FuseFtype.<init>()","fuse.util.Struct.<init>()"
"fuse.FuseFtype.appendAttributes()","fuse.util.Struct.appendAttributes()"
"fuse.FuseFtype.appendAttributes()","java.lang.Integer.toOctalString()"
"fuse.FuseFtype.appendAttributes()","java.lang.StringBuilder.append()"
"fuse.FuseGetattr.<init>()","fuse.FuseFtype.<init>()"
"fuse.FuseGetattr.appendAttributes()","fuse.FuseFtype.appendAttributes()"
"fuse.FuseGetattr.appendAttributes()","java.lang.StringBuilder.append()"
"fuse.FuseMount$1.<init>()","java.lang.Object.<init>()"
"fuse.FuseMount$1.run()","fuse.FuseMount.access$000()"
"fuse.FuseMount$1.run()","java.lang.RuntimeException.<init>()"
"fuse.FuseMount$1.run()","java.lang.StringBuilder.<init>()"
"fuse.FuseMount$1.run()","java.lang.StringBuilder.append()"
"fuse.FuseMount$1.run()","java.lang.StringBuilder.toString()"
"fuse.FuseMount$1.run()","java.lang.Thread.isDaemon()"
"fuse.FuseMount$1.run()","java.lang.ThreadGroup.activeCount()"
"fuse.FuseMount$1.run()","java.lang.ThreadGroup.enumerate()"
"fuse.FuseMount$1.run()","java.lang.ThreadGroup.getName()"
"fuse.FuseMount$1.run()","org.apache.commons.logging.Log.debug()"
"fuse.FuseMount$1.run()","org.apache.commons.logging.Log.info()"
"fuse.FuseMount$1.run()","org.apache.commons.logging.Log.isDebugEnabled()"
"fuse.FuseMount.<clinit>()","java.lang.System.loadLibrary()"
"fuse.FuseMount.<clinit>()","org.apache.commons.logging.LogFactory.getLog()"
"fuse.FuseMount.<init>()","java.lang.Object.<init>()"
"fuse.FuseMount.access$000()","fuse.FuseMount.mount()"
"fuse.FuseMount.mount()","fuse.Filesystem3ToFuseFSAdapter.<init>()"
"fuse.FuseMount.mount()","fuse.FuseMount$1.<init>()"
"fuse.FuseMount.mount()","fuse.compat.Filesystem1ToFilesystem2Adapter.<init>()"
"fuse.FuseMount.mount()","fuse.compat.Filesystem2ToFilesystem3Adapter.<init>()"
"fuse.FuseMount.mount()","java.lang.Object.getClass()"
"fuse.FuseMount.mount()","java.lang.StringBuilder.<init>()"
"fuse.FuseMount.mount()","java.lang.StringBuilder.append()"
"fuse.FuseMount.mount()","java.lang.StringBuilder.toString()"
"fuse.FuseMount.mount()","java.lang.Thread.<init>()"
"fuse.FuseMount.mount()","java.lang.Thread.currentThread()"
"fuse.FuseMount.mount()","java.lang.Thread.getThreadGroup()"
"fuse.FuseMount.mount()","java.lang.Thread.isDaemon()"
"fuse.FuseMount.mount()","java.lang.Thread.setDaemon()"
"fuse.FuseMount.mount()","java.lang.Thread.start()"
"fuse.FuseMount.mount()","java.lang.ThreadGroup.<init>()"
"fuse.FuseMount.mount()","java.lang.ThreadGroup.activeCount()"
"fuse.FuseMount.mount()","java.lang.ThreadGroup.enumerate()"
"fuse.FuseMount.mount()","java.lang.ThreadGroup.getName()"
"fuse.FuseMount.mount()","java.lang.ThreadGroup.setDaemon()"
"fuse.FuseMount.mount()","org.apache.commons.logging.Log.debug()"
"fuse.FuseMount.mount()","org.apache.commons.logging.Log.info()"
"fuse.FuseMount.mount()","org.apache.commons.logging.Log.isDebugEnabled()"
"fuse.FuseMount.mount()","org.apache.commons.logging.LogFactory.getLog()"
"fuse.FuseOpen.<init>()","fuse.util.Struct.<init>()"
"fuse.FuseOpen.appendAttributes()","fuse.util.Struct.appendAttributes()"
"fuse.FuseOpen.appendAttributes()","java.lang.StringBuilder.append()"
"fuse.FuseOpendir.<init>()","fuse.util.Struct.<init>()"
"fuse.FuseOpendir.appendAttributes()","fuse.util.Struct.appendAttributes()"
"fuse.FuseOpendir.appendAttributes()","java.lang.StringBuilder.append()"
"fuse.FuseSize.<init>()","fuse.util.Struct.<init>()"
"fuse.FuseSize.appendAttributes()","fuse.util.Struct.appendAttributes()"
"fuse.FuseSize.appendAttributes()","java.lang.StringBuilder.append()"
"fuse.FuseStatfs.<init>()","fuse.util.Struct.<init>()"
"fuse.FuseStatfs.appendAttributes()","fuse.util.Struct.appendAttributes()"
"fuse.FuseStatfs.appendAttributes()","java.lang.StringBuilder.append()"
"fuse.PasswordEntry.<init>()","fuse.util.Struct.<init>()"
"fuse.PasswordEntry.<init>()","java.nio.CharBuffer.toString()"
"fuse.PasswordEntry.<init>()","java.nio.charset.Charset.decode()"
"fuse.PasswordEntry.appendAttributes()","fuse.util.Struct.appendAttributes()"
"fuse.PasswordEntry.appendAttributes()","java.lang.StringBuilder.append()"
"fuse.compat.Filesystem1ToFilesystem2Adapter.<init>()","java.lang.Object.<init>()"
"fuse.compat.Filesystem1ToFilesystem2Adapter.chmod()","fuse.compat.Filesystem1.chmod()"
"fuse.compat.Filesystem1ToFilesystem2Adapter.chown()","fuse.compat.Filesystem1.chown()"
"fuse.compat.Filesystem1ToFilesystem2Adapter.getattr()","fuse.compat.Filesystem1.getattr()"
"fuse.compat.Filesystem1ToFilesystem2Adapter.getdir()","fuse.compat.Filesystem1.getdir()"
"fuse.compat.Filesystem1ToFilesystem2Adapter.link()","fuse.compat.Filesystem1.link()"
"fuse.compat.Filesystem1ToFilesystem2Adapter.mkdir()","fuse.compat.Filesystem1.mkdir()"
"fuse.compat.Filesystem1ToFilesystem2Adapter.mknod()","fuse.compat.Filesystem1.mknod()"
"fuse.compat.Filesystem1ToFilesystem2Adapter.open()","fuse.compat.Filesystem1.open()"
"fuse.compat.Filesystem1ToFilesystem2Adapter.read()","fuse.compat.Filesystem1.read()"
"fuse.compat.Filesystem1ToFilesystem2Adapter.readlink()","fuse.compat.Filesystem1.readlink()"
"fuse.compat.Filesystem1ToFilesystem2Adapter.release()","fuse.compat.Filesystem1.release()"
"fuse.compat.Filesystem1ToFilesystem2Adapter.rename()","fuse.compat.Filesystem1.rename()"
"fuse.compat.Filesystem1ToFilesystem2Adapter.rmdir()","fuse.compat.Filesystem1.rmdir()"
"fuse.compat.Filesystem1ToFilesystem2Adapter.statfs()","fuse.compat.Filesystem1.statfs()"
"fuse.compat.Filesystem1ToFilesystem2Adapter.symlink()","fuse.compat.Filesystem1.symlink()"
"fuse.compat.Filesystem1ToFilesystem2Adapter.truncate()","fuse.compat.Filesystem1.truncate()"
"fuse.compat.Filesystem1ToFilesystem2Adapter.unlink()","fuse.compat.Filesystem1.unlink()"
"fuse.compat.Filesystem1ToFilesystem2Adapter.utime()","fuse.compat.Filesystem1.utime()"
"fuse.compat.Filesystem1ToFilesystem2Adapter.write()","fuse.compat.Filesystem1.write()"
"fuse.compat.Filesystem2","fuse.compat.Filesystem1"
"fuse.compat.Filesystem2.chmod()","fuse.compat.Filesystem1.chmod()"
"fuse.compat.Filesystem2.chown()","fuse.compat.Filesystem1.chown()"
"fuse.compat.Filesystem2.getattr()","fuse.compat.Filesystem1.getattr()"
"fuse.compat.Filesystem2.getdir()","fuse.compat.Filesystem1.getdir()"
"fuse.compat.Filesystem2.link()","fuse.compat.Filesystem1.link()"
"fuse.compat.Filesystem2.mkdir()","fuse.compat.Filesystem1.mkdir()"
"fuse.compat.Filesystem2.mknod()","fuse.compat.Filesystem1.mknod()"
"fuse.compat.Filesystem2.open()","fuse.compat.Filesystem1.open()"
"fuse.compat.Filesystem2.read()","fuse.compat.Filesystem1.read()"
"fuse.compat.Filesystem2.readlink()","fuse.compat.Filesystem1.readlink()"
"fuse.compat.Filesystem2.release()","fuse.compat.Filesystem1.release()"
"fuse.compat.Filesystem2.rename()","fuse.compat.Filesystem1.rename()"
"fuse.compat.Filesystem2.rmdir()","fuse.compat.Filesystem1.rmdir()"
"fuse.compat.Filesystem2.statfs()","fuse.compat.Filesystem1.statfs()"
"fuse.compat.Filesystem2.symlink()","fuse.compat.Filesystem1.symlink()"
"fuse.compat.Filesystem2.truncate()","fuse.compat.Filesystem1.truncate()"
"fuse.compat.Filesystem2.unlink()","fuse.compat.Filesystem1.unlink()"
"fuse.compat.Filesystem2.utime()","fuse.compat.Filesystem1.utime()"
"fuse.compat.Filesystem2.write()","fuse.compat.Filesystem1.write()"
"fuse.compat.Filesystem2ToFilesystem3Adapter.<init>()","java.lang.Object.<init>()"
"fuse.compat.Filesystem2ToFilesystem3Adapter.chmod()","fuse.compat.Filesystem2.chmod()"
"fuse.compat.Filesystem2ToFilesystem3Adapter.chown()","fuse.compat.Filesystem2.chown()"
"fuse.compat.Filesystem2ToFilesystem3Adapter.flush()","fuse.compat.Filesystem2.flush()"
"fuse.compat.Filesystem2ToFilesystem3Adapter.flush()","java.lang.Long.longValue()"
"fuse.compat.Filesystem2ToFilesystem3Adapter.fsync()","fuse.compat.Filesystem2.fsync()"
"fuse.compat.Filesystem2ToFilesystem3Adapter.fsync()","java.lang.Long.longValue()"
"fuse.compat.Filesystem2ToFilesystem3Adapter.getattr()","fuse.FuseGetattrSetter.set()"
"fuse.compat.Filesystem2ToFilesystem3Adapter.getattr()","fuse.compat.Filesystem2.getattr()"
"fuse.compat.Filesystem2ToFilesystem3Adapter.getdir()","fuse.FuseDirFiller.add()"
"fuse.compat.Filesystem2ToFilesystem3Adapter.getdir()","fuse.compat.Filesystem2.getdir()"
"fuse.compat.Filesystem2ToFilesystem3Adapter.link()","fuse.compat.Filesystem2.link()"
"fuse.compat.Filesystem2ToFilesystem3Adapter.mkdir()","fuse.compat.Filesystem2.mkdir()"
"fuse.compat.Filesystem2ToFilesystem3Adapter.mknod()","fuse.compat.Filesystem2.mknod()"
"fuse.compat.Filesystem2ToFilesystem3Adapter.open()","fuse.FuseOpenSetter.setFh()"
"fuse.compat.Filesystem2ToFilesystem3Adapter.open()","fuse.compat.Filesystem2.open()"
"fuse.compat.Filesystem2ToFilesystem3Adapter.open()","java.lang.Long.<init>()"
"fuse.compat.Filesystem2ToFilesystem3Adapter.read()","fuse.compat.Filesystem2.read()"
"fuse.compat.Filesystem2ToFilesystem3Adapter.read()","java.lang.Long.longValue()"
"fuse.compat.Filesystem2ToFilesystem3Adapter.readlink()","fuse.compat.Filesystem2.readlink()"
"fuse.compat.Filesystem2ToFilesystem3Adapter.readlink()","java.nio.CharBuffer.put()"
"fuse.compat.Filesystem2ToFilesystem3Adapter.release()","fuse.compat.Filesystem2.release()"
"fuse.compat.Filesystem2ToFilesystem3Adapter.release()","java.lang.Long.longValue()"
"fuse.compat.Filesystem2ToFilesystem3Adapter.rename()","fuse.compat.Filesystem2.rename()"
"fuse.compat.Filesystem2ToFilesystem3Adapter.rmdir()","fuse.compat.Filesystem2.rmdir()"
"fuse.compat.Filesystem2ToFilesystem3Adapter.statfs()","fuse.FuseStatfsSetter.set()"
"fuse.compat.Filesystem2ToFilesystem3Adapter.statfs()","fuse.compat.Filesystem2.statfs()"
"fuse.compat.Filesystem2ToFilesystem3Adapter.symlink()","fuse.compat.Filesystem2.symlink()"
"fuse.compat.Filesystem2ToFilesystem3Adapter.truncate()","fuse.compat.Filesystem2.truncate()"
"fuse.compat.Filesystem2ToFilesystem3Adapter.unlink()","fuse.compat.Filesystem2.unlink()"
"fuse.compat.Filesystem2ToFilesystem3Adapter.utime()","fuse.compat.Filesystem2.utime()"
"fuse.compat.Filesystem2ToFilesystem3Adapter.write()","fuse.compat.Filesystem2.write()"
"fuse.compat.Filesystem2ToFilesystem3Adapter.write()","java.lang.Long.longValue()"
"fuse.compat.FuseDirEnt.<init>()","fuse.FuseFtype.<init>()"
"fuse.compat.FuseDirEnt.appendAttributes()","fuse.FuseFtype.appendAttributes()"
"fuse.compat.FuseDirEnt.appendAttributes()","java.lang.StringBuilder.append()"
"fuse.compat.FuseStat.<init>()","fuse.FuseFtype.<init>()"
"fuse.compat.FuseStat.appendAttributes()","fuse.FuseFtype.appendAttributes()"
"fuse.compat.FuseStat.appendAttributes()","java.lang.StringBuilder.append()"
"fuse.logging.FuseLog$Levels.<init>()","fuse.logging.FuseLog.access$100()"
"fuse.logging.FuseLog$Levels.<init>()","java.lang.IllegalArgumentException.<init>()"
"fuse.logging.FuseLog$Levels.<init>()","java.lang.Integer.<init>()"
"fuse.logging.FuseLog$Levels.<init>()","java.lang.Object.<init>()"
"fuse.logging.FuseLog$Levels.<init>()","java.lang.String.equals()"
"fuse.logging.FuseLog$Levels.<init>()","java.lang.String.length()"
"fuse.logging.FuseLog$Levels.<init>()","java.lang.String.startsWith()"
"fuse.logging.FuseLog$Levels.<init>()","java.lang.String.substring()"
"fuse.logging.FuseLog$Levels.<init>()","java.lang.StringBuilder.<init>()"
"fuse.logging.FuseLog$Levels.<init>()","java.lang.StringBuilder.append()"
"fuse.logging.FuseLog$Levels.<init>()","java.lang.StringBuilder.toString()"
"fuse.logging.FuseLog$Levels.<init>()","java.lang.System.getProperties()"
"fuse.logging.FuseLog$Levels.<init>()","java.util.Enumeration.hasMoreElements()"
"fuse.logging.FuseLog$Levels.<init>()","java.util.Enumeration.nextElement()"
"fuse.logging.FuseLog$Levels.<init>()","java.util.HashMap.<init>()"
"fuse.logging.FuseLog$Levels.<init>()","java.util.Map.put()"
"fuse.logging.FuseLog$Levels.<init>()","java.util.Properties.getProperty()"
"fuse.logging.FuseLog$Levels.<init>()","java.util.Properties.propertyNames()"
"fuse.logging.FuseLog$Levels.access$000()","fuse.logging.FuseLog$Levels.getLevelValue()"
"fuse.logging.FuseLog$Levels.getLevelValue()","java.lang.Integer.intValue()"
"fuse.logging.FuseLog$Levels.getLevelValue()","java.lang.String.lastIndexOf()"
"fuse.logging.FuseLog$Levels.getLevelValue()","java.lang.String.length()"
"fuse.logging.FuseLog$Levels.getLevelValue()","java.lang.String.substring()"
"fuse.logging.FuseLog$Levels.getLevelValue()","java.util.Map.get()"
"fuse.logging.FuseLog$Levels.isDebugEnabled()","fuse.logging.FuseLog$Levels.getLevelValue()"
"fuse.logging.FuseLog$Levels.isFatalEnabled()","fuse.logging.FuseLog$Levels.getLevelValue()"
"fuse.logging.FuseLog$Levels.isInfoEnabled()","fuse.logging.FuseLog$Levels.getLevelValue()"
"fuse.logging.FuseLog$Levels.isTraceEnabled()","fuse.logging.FuseLog$Levels.getLevelValue()"
"fuse.logging.FuseLog$Levels.isWarnEnabled()","fuse.logging.FuseLog$Levels.getLevelValue()"
"fuse.logging.FuseLog$Levels.toString()","fuse.logging.FuseLog$Levels.getLevelValue()"
"fuse.logging.FuseLog$Levels.toString()","fuse.logging.FuseLog.access$100()"
"fuse.logging.FuseLog.<clinit>()","fuse.logging.FuseLog$Levels.<init>()"
"fuse.logging.FuseLog.<init>()","java.lang.Object.<init>()"
"fuse.logging.FuseLog._log()","fuse.logging.FuseLog$Levels.access$000()"
"fuse.logging.FuseLog._log()","java.io.PrintStream.printf()"
"fuse.logging.FuseLog._log()","java.lang.Object.toString()"
"fuse.logging.FuseLog._log()","java.lang.Thread.currentThread()"
"fuse.logging.FuseLog._log()","java.lang.Thread.getName()"
"fuse.logging.FuseLog._log()","java.lang.Throwable.printStackTrace()"
"fuse.logging.FuseLog._log()","java.util.Date.<init>()"
"fuse.logging.FuseLog.debug()","fuse.logging.FuseLog._log()"
"fuse.logging.FuseLog.error()","fuse.logging.FuseLog._log()"
"fuse.logging.FuseLog.fatal()","fuse.logging.FuseLog._log()"
"fuse.logging.FuseLog.info()","fuse.logging.FuseLog._log()"
"fuse.logging.FuseLog.isDebugEnabled()","fuse.logging.FuseLog$Levels.isDebugEnabled()"
"fuse.logging.FuseLog.isFatalEnabled()","fuse.logging.FuseLog$Levels.isFatalEnabled()"
"fuse.logging.FuseLog.isInfoEnabled()","fuse.logging.FuseLog$Levels.isInfoEnabled()"
"fuse.logging.FuseLog.isTraceEnabled()","fuse.logging.FuseLog$Levels.isTraceEnabled()"
"fuse.logging.FuseLog.isWarnEnabled()","fuse.logging.FuseLog$Levels.isWarnEnabled()"
"fuse.logging.FuseLog.trace()","fuse.logging.FuseLog._log()"
"fuse.logging.FuseLog.warn()","fuse.logging.FuseLog._log()"
"fuse.util.FuseArgumentParser.<init>()","java.lang.Object.<init>()"
"fuse.util.FuseArgumentParser.<init>()","java.lang.String.equals()"
"fuse.util.FuseArgumentParser.<init>()","java.util.ArrayList.<init>()"
"fuse.util.FuseArgumentParser.<init>()","java.util.List.add()"
"fuse.util.Struct","fuse.FuseContext"
"fuse.util.Struct.<init>()","fuse.FuseContext.<init>()"
"fuse.util.Struct.<init>()","java.lang.Object.<init>()"
"fuse.util.Struct.clone()","java.lang.Object.clone()"
"fuse.util.Struct.clone()","java.lang.RuntimeException.<init>()"
"fuse.util.Struct.toString()","fuse.util.Struct.appendAttributes()"
"fuse.util.Struct.toString()","java.lang.Class.getName()"
"fuse.util.Struct.toString()","java.lang.Object.getClass()"
"fuse.util.Struct.toString()","java.lang.Object.hashCode()"
"fuse.util.Struct.toString()","java.lang.StringBuilder.<init>()"
"fuse.util.Struct.toString()","java.lang.StringBuilder.append()"
"fuse.util.Struct.toString()","java.lang.StringBuilder.toString()"
